{
  "project_info": {
    "project_number": "576456330478",
    "project_id": "sunuagri-f0756",
    "storage_bucket": "sunuagri-f0756.firebasestorage.app"
  },
  "client": [
    {
      "client_info": {
        "mobilesdk_app_id": "1:576456330478:android:91dec0d26b88d15aec77ff",
        "android_client_info": {
          "package_name": "com.example.sunuagri"
        }
      },
      "oauth_client": [],
      "api_key": [
        {
          "current_key": "AIzaSyC3hR3av7-WyduaSGyMrQQeehrbseMjuP0"
        }
      ],
      "services": {
        "appinvite_service": {
          "other_platform_oauth_client": []
        }
      }
    }
  ],
  "configuration_version": "1"
}